<merge xmlns:tools="http://schemas.android.com/tools"
       xmlns:app="http://schemas.android.com/apk/res-auto"
       xmlns:android="http://schemas.android.com/apk/res/android">

    <RelativeLayout
        android:layout_width="match_parent"
        android:layout_height="match_parent"
        android:background="@color/white">



        <!-- ********************Middle Section*************************** -->

        <RelativeLayout
            android:id="@+id/relLayout2"
            android:layout_width="match_parent"
            android:layout_height="wrap_content"
            android:layout_below="@+id/relLayout1"
            android:background="@color/white">

            <LinearLayout
                android:id="@+id/linLayout"
                android:layout_width="match_parent"
                android:layout_height="wrap_content"
                android:orientation="horizontal"
                android:weightSum="100">


                <RelativeLayout
                    android:layout_width="0dp"
                    android:layout_height="match_parent"
                    android:layout_marginStart="25dp"
                    android:layout_weight="25">

                    <de.hdodenhof.circleimageview.CircleImageView
                        android:id="@+id/profile_photo"
                        android:layout_width="80dp"
                        android:layout_height="80dp"
                        android:layout_centerVertical="true"
                        app:civ_border_color="@color/black"
                        app:civ_border_width="0.5dp"/>


                </RelativeLayout>

                <RelativeLayout
                    android:layout_width="0dp"
                    android:layout_height="wrap_content"
                    android:layout_marginEnd="30dp"
                    android:layout_marginStart="30dp"
                    android:layout_weight="75">

                    <include layout="@layout/snippet_top_view_profile"/>

                </RelativeLayout>

            </LinearLayout>


            <LinearLayout
                android:id="@+id/linLayout2"
                android:layout_width="match_parent"
                android:layout_height="wrap_content"
                android:layout_below="@+id/linLayout"
                android:orientation="vertical"
                android:padding="20dp"
                android:background="@drawable/white_grey_border_bottom">

                <TextView
                    android:id="@+id/display_name"
                    android:layout_width="match_parent"
                    android:layout_height="wrap_content"
                    android:text="Merousha"
                    android:textColor="@color/black"
                    android:textSize="16sp"
                    android:textStyle="bold"/>

                <TextView
                    android:id="@+id/description"
                    android:layout_width="match_parent"
                    android:layout_height="wrap_content"
                    android:layout_marginTop="5dp"
                    android:text="I live in Johannesburg, SA"
                    android:textColor="@color/black"
                    android:textSize="16sp"/>

                <TextView
                    android:id="@+id/website"
                    android:layout_width="match_parent"
                    android:layout_height="wrap_content"
                    android:layout_marginTop="5dp"
                    android:text="https://merousha@coding.com"
                    android:textColor="@color/link_blue"
                    android:textSize="16sp"
                    />


            </LinearLayout>

            <RelativeLayout
                android:id="@+id/relLayout3"
                android:layout_width="match_parent"
                android:layout_height="wrap_content"
                android:layout_below="@+id/linLayout2"
                android:layout_marginBottom="50dp"
                >

                <GridView
                    android:id="@+id/gridView"
                    android:layout_width="match_parent"
                    android:layout_height="wrap_content"
                    android:gravity="center"
                    android:horizontalSpacing="1dp"
                    android:numColumns="3"
                    android:stretchMode="columnWidth"
                    android:verticalSpacing="1dp">


                </GridView>


            </RelativeLayout>


        </RelativeLayout>


    </RelativeLayout>

</merge>























